{
  "players": [
    {
      "id": "1",
      "name": "jude",
      "nukes": "3",
      "icon": "fa-fighter-jet",
      "color": "#00FF00"
    },
    {
      "id": "213",
      "name": "Josh",
      "nukes": "3",
      "icon": "fa-diamond",
      "color": "#ff0000"
    },
    {
      "id": "8945",
      "name": "Matt",
      "nukes": "3",
      "icon": "fa-envelope",
      "color": "#ff00ff"
    },
    {
      "id": "5397",
      "name": "edge man",
      "nukes": "3",
      "icon": "fa-edge",
      "color": "#1f8be4"
    },
    {
      "id": "3951",
      "name": "asd",
      "nukes": "3",
      "icon": "aa",
      "color": "#000000"
    },
    {
      "id": "9660",
      "name": "Superman",
      "nukes": "3",
      "icon": "fa-superman",
      "color": "#e10b30"
    },
    {
      "id": "4707",
      "name": "superdupaman",
      "nukes": "3",
      "icon": "fa-superdupaman",
      "color": "#e10b30"
    },
    {
      "id": "9722",
      "name": "Test",
      "nukes": "3",
      "icon": "fa-diamond",
      "color": "#ff8040"
    },
    {
      "id": "1135",
      "name": "test2",
      "nukes": "3",
      "icon": "fa-reddit",
      "color": "#00ff80"
    },
    {
      "id": "8159",
      "name": "test2",
      "nukes": "3",
      "icon": "fa-reddit",
      "color": "#00ff80"
    },
    {
      "id": "7035",
      "name": "",
      "nukes": "3",
      "icon": "",
      "color": "#000000"
    },
    {
      "id": "9965",
      "name": "test3",
      "nukes": "3",
      "icon": "fa-reddit",
      "color": "#008040"
    },
    {
      "id": "7959",
      "name": "josh",
      "nukes": "3",
      "icon": "fa-user-circle",
      "color": "#00ff40"
    },
    {
      "id": "1302",
      "name": "Testman",
      "nukes": "3",
      "icon": "fa-reddit",
      "color": "#8000ff"
    }
  ],
  "tiles": [
    {
      "id": "0-0",
      "X": "0",
      "Y": "0",
      "player": "213"
    },
    {
      "id": "0-9",
      "X": "0",
      "Y": "9",
      "player": "213"
    },
    {
      "id": "9-9",
      "X": "9",
      "Y": "0",
      "player": "7959"
    },
    {
      "id": "3-6",
      "X": "3",
      "Y": "6",
      "player": "1302"
    },
    {
      "id": "4-6",
      "X": "4",
      "Y": "6",
      "player": "7959"
    },
    {
      "id": "3-3",
      "X": "3",
      "Y": "3",
      "player": "7959"
    },
    {
      "id": "4-3",
      "X": "4",
      "Y": "3",
      "player": "7959"
    },
    {
      "id": "1-4",
      "X": "1",
      "Y": "4",
      "player": "1"
    },
    {
      "id": "1-6",
      "X": "1",
      "Y": "6",
      "player": "1"
    },
    {
      "id": "3-9",
      "X": "3",
      "Y": "9",
      "player": "1"
    },
    {
      "id": "7-2",
      "X": "7",
      "Y": "2",
      "player": "1"
    },
    {
      "id": "2-2",
      "X": "2",
      "Y": "2",
      "player": "1302"
    },
    {
      "id": "6-5",
      "X": "6",
      "Y": "5",
      "player": "5397"
    },
    {
      "id": "6-4",
      "X": "6",
      "Y": "4",
      "player": "5397"
    },
    {
      "id": "6-3",
      "X": "6",
      "Y": "3",
      "player": "5397"
    },
    {
      "id": "6-6",
      "X": "6",
      "Y": "6",
      "player": "5397"
    },
    {
      "id": "6-2",
      "X": "6",
      "Y": "2",
      "player": "5397"
    },
    {
      "id": "6-7",
      "X": "6",
      "Y": "7",
      "player": "5397"
    },
    {
      "id": "8-7",
      "X": "8",
      "Y": "7",
      "player": "1302"
    },
    {
      "id": "8-4",
      "X": "8",
      "Y": "4",
      "player": "1302"
    },
    {
      "id": "9-0",
      "X": "9",
      "Y": "0",
      "player": "1302"
    }
  ]
}